{"file_hashes":[{"block_hashes":["srUsuJbuUsS+5S00GkQi79BMZE9tQz3IoJ3E9BdfmGM="],"block_size":4096,"path":"background.js"},{"block_hashes":["GRikyAl6QmVSn2bJIfvM63B3YMyEFA9Cnu8MJkjrYYs=","jRi2I6BjVCSnGBPlWVmh1VHkumNXXb+QLs1RYKJ8EpQ=","1GfPHx0LzaWs6a4/XEuC7/x7rj41uGgyfHrKEv2bLGQ=","/8xDaV0TN8AOkmooSU2K6xTZWWwT9NuIFquUEKmYf7s=","5SJp8MfZoH5Pue1QKE1g8s9QjI7gsGMnK/8WSxp041k=","4rJwp3R1KS69523m+IdzX4ntOXHeD1IL2Ob+kEcc178=","J17mUib0vgqdnoo/WbC3fE3dBrUlIsnm1kZEUJ7EeL4=","jUzEuOMunNyjfgJxXxsS8GK6z3eBnBuWiBqoa2ytmPE=","94nIkYaV4fgwLupGHKlEG6On70x4038o/hKkI06yHYk=","5qPV0NPP7p1X7k+6R1vm8v2BN+s6zfK1ke44eqQqmVw=","dHSqVGvesnCTInKOJHURONglvPzBb12zYyPfPNg28gk=","N10QQh2GwhweYVVQpIAu221Rg7igzQfpD7LE6v3BErA=","R/hniBjq3HirRp3ztyxXIAQOI6Z6OnLzoGPy52TUvII=","okcKbZXbcjOy3n+dVfn0CvEiu4GJVhYBQUsTQeqwsDU=","TB4Jcspf90cUKNLvJtirWz8nYwdE+DA2uoj89FMAsZ4=","i6iQQkwilB2dWBVrLeGgV8+XuvCF6EYxQtNlSHOzO/c=","1tDv4EeSGgtT/O28c96MmVFsTm7dmpm3JWFIZZ40aa0=","ZjJ5z3M4+DgsVEmUF+exhlT9XYkJWhgLwPIi0PTBNjU=","nlsytEonCGC69hF/mJoAcMu+GF/gZ4JVZG1dZtiWdGo=","mvtR8vObrR2B0qRx7NhnZVkSWazn85kiB8u5jTG8Gq8=","w9j6I8EGH6BPqxYLgfTwD07bbDDEl4Kr2/06bVq927U=","BpOUvbl3i+vxrDBEDYn1KYRLEd+yfKMVw6GjdfDvBJY=","6gxYUhb1U+coc+QvKDRHV1tSakYllhBRuu2yQp4GqR4=","ZHW8YxZFbnJDA2aS4A78d/yWzcOg+HixNE4gUMupAwo=","AQRDymzYBHmvWB4Oz21c2mzVuKgvg3eFfvE4Dz4kyNo=","pEv7COhnSczc/sVJE3gsedV4AppPQms35vwKdXRAFWI=","FZYE9EAjTC6vFAJRfViFEF45DhSRzKzToKpdrnnBqLc=","gqOyw8WRBDyxZeJbFEripSFrO8M95TAkK2qJ1RoY4y0=","I+xCvdgMNruCqalzynGh4ViCHjLE+LzEM7VATqsyVcQ=","N513I8SVyApEwxQnH0GDh89n4i8lvOSJfRHNn/ini/w=","z+v5R8OwqnFXpwQaM09k8kewUfNlv+UZOAZQOt22aLA=","6sn+dwysj686eXHcdntrpBDpDxdxihMKSMXAEGb4inU=","6id/AQIKaSsDSAURc/trENwEiVbgeghigG68pxjfJos=","tvN+zUN9G6pzOfDQeNtbyqoV2SYQz+0ApF6K9Eqyw/s=","+FAGNoehkYFKH7/DMCu3Q2vT0zQrzBNTP5OV9ir4aEE=","xNJ7CbAiyP+1kOsGg4KrR5uILnddT/MLHjxlC+5EmoE=","8FN1hj6j+MECpn8ZRIY904a6pXKSvnHYRY8traYzVDw=","2uYac8CJwV0qJPMe0QUll2ls9fcle4seKjfBIFpOR9U=","QP5uPSIQSDE7sqC5WzPoRnb3aTNJXdg1GcUcoBGSq00=","UBL5aeaSfEgNltU8TVbUuo6pbtUbCH5ZIgbY1UIsQNA=","Phc4fhhFr+58aH+CFjSBhiDyJchru3nKhcY9ZldMXHQ=","bTB6BTNgJDfie7HkMzq/Sw9dudn6xiTjCqVdHlrmbUM=","cCTWy+qjNP4Dh5EksdEvHCDLfMmsuedZNkjw+umEkZw=","ISPKtR5m7+e1PEOsEjNweKI6tQHOt34PO+kcYfO5SoQ=","4n4BB8Winz9BpLLYHLIhP0xuN0bnMWSfc0CYcOE8YPo=","RNJTzfOgGQDynK80Hjxlu4XJgL6clb3d3q3zDUi6v8E=","BiVDkWW6fT0xsCT0lwS5134qAeh+MnC7XOOCZwTMUok=","WGRz48QBqGCR5oTyBRRHox5GV2LJSoICPJUjwWvaZBU=","5pcOWt4uEf0zIacjNH9AQPpEeJofRlX3Bg2b7vJQN8Y=","GJhgsnKPMP3GbkJ5ri7cxUKhk7/hWgm0afI+uX2Ndnk=","wfLT+PbH8BuDzG0HQUunUogtFs2NYIW76MIzjZ4svZM=","1ffwDFa+UUXpl0ZsBjY8SXWsSwra3HrrvXWVMBMXPNI=","qLHSRfSD3/qCqnIGIBI+B164ptbGd291ShijSE51kCY=","d7mjQ0E1qonK4UQCvv2XjgErhsfrmBHy1UZ0z6Rp/0w=","WOQoKQrjcC1h6I+1hRAKXjuuk+siPRsC4wNmZ61EssI=","6dqeTAIkLixzM1+3U201dByPXmysndF9kJeozPZ3ZPw=","mCkCS3b6AZTPQKOoeIK1Y4gyJgH/RK0wrVdq4FQ9DnE=","Wc/A+EHslYnM5AYWRVcpeINbNmImdlZWjtGFVTYct5w=","E9egLyNGTCBqx9WAkVpSfT6I6UBvXT0233zUe99iWK8=","gvFEDn/uP1aws12BfjtKyfCwnO5gTUo17jftyIxLt0E=","ZIIcei/fAXKTeYD84kZfso0GpsdztCjEVAc/bTTlhRs=","+hFnl5v1BbeW497hVE+SQbTND2RIJE3YA1OvOEOW2Yk=","JFtSFcEdY/4XEmByufIk2sINsbsXXTvl9Z8p1Gu5SAA=","18r0S0aVDl/f9AZCXR6tqvcl4C9RMSur0Rqu6UHEGiM=","X4txz28X/55qUSLMGCfl8fDFYQTnAKWL2mxnArETQ20=","7HnT7xQyLogmFGSkBWWVc9TDTWaQmDdTL1JR22ypXjM=","rB8zLG+iuLU05Z3RFf6JvRaz1sZUOWM7qJKZ1v99WKQ=","cBURCDM+AJtr41fQtBut/0NWEp4jGyebzxJwB7VHpVk=","+DSX+u2WVk1Se43cle+2VsNd31ZVymh3gQ37INWcE6k=","SpRYQoVASabrmLem6UztULRkrIAc7R9WvwJL3O4gvEM=","pqE2L34rKX/Abew3Qvgoh/kNYUccsZx5Lat2ULQk3Lc=","KjaqOapz+MiLAO0XBznYna/UMeTAh9xtihNCN97FzvQ=","2SQppADToW6kka1c305PyIgVh08BzLDmcjtZC8DXnMc=","pjqGVGf+25SSN07m/KgPJvuB9WuV+/kEJrh+cvFUXZ8=","aTs6m7wZHC1GZ7HVpz/LCILNnCUt0CMmHFIcHWrj83k=","Vy4cddgGegwqQ0zZo/wjSUvkN8SWXxOMfzU3FB7QyTE=","GXTA+R4u2WmIZLtPiguIFjjlOrbDw+BzeC0nv1OBNQg=","Gl/S0Vd7hOGTNACNI69zgkTI+/e5LVATjPXZFTIdEn0=","9XK9rDX6xiEI9IvjPIMLcAl5hm8+UV0AF6MMUZDL/8s=","uQcJ1tbrHG1XMVXddaLiUmTtwhfqHpTrXhmLuWLr/UA=","nGLHMWdOn/4mJHKo/0HHsJTFkJOmbKeButt32u1WR4I=","iiuQhf5LdWOF6dLi5jsuxq6i6dj17ezkB0RmALB7cJY=","yJGjkrXR3jbvqRty4zBsy73LH7nG3TtEfur4YxuHtSw=","Y/g50IXqEViJv6ldw2B1Rkq+/jSeAnFhitO6WDFuxDw=","heuVw4XZEjcRWz01UuOMDRupVV8eNXyYnP5vqAS7F5o=","EtFC/ONAvlMU+rilign0/+4ebUgL/I+7zDpqN1CZ4D8=","N7c0eKf7e7rmd2eqc/2nVdnhqzq0J97b2TOc0sMe1ZA=","C4hN6u5gPaHV0QGAjWA9szpkioYiaZbI2lIYVDr7d+E=","KkRmUVLTIHSbAPrwsMgmB/hpiUaIWm4P/6Qa3IHW0VI=","eg+zsCvV1P3UdLjbBCwp8pzsFy5n9Pe9C67ynkvbMsA=","qFMSUf/o2gvpSgJKg7DrzPQ4qbS/jCY2Ba+lnRCizMo=","besOYlyWOOjjHbFwMbGv5uohcNQxU1qA+zgxGwx351k=","U3ns/6prCjyJtauwSUiKyFokGesfyrUCvqDvnBWYRLU=","j47tXa1lXIXREUSXY1FH7cDQu83aUnoOBXjk4Hwb1KA=","PU4XqYm4xx9q/c850gUqtVZqivWeeGxds1VqbEdftX8=","Jh5CfkMHoXIfWjsAhWAFs4mdlRqUFEV+XvzBNB9yXmg=","m29D/5/VH92Ztk8oTCYLyCl75NwCQeZ2ds7SRKCNCm0=","Dzys03yNx7O4LdW2x+Wu/66fkYlXM4hVMv9EogoBUf4=","rSrOvYsRIixRNyWUw+3zVGk60CWiL9J+mz4csV3pfuU=","kpi+UfWsMku2+EBx5MZYugJIc63WemePGjsksaFWBow=","3fsN82mFlxS7ttEFQl5S5Qq6urjD5d/fDDUVjQfRMJM=","gU/2gwsvNrJRIS6WVUTOAXY6Y3laR3XdoEYdiw4/0QU=","JjZKZMraAxDWd7mVeeBon89Auuz15LrqE7A5EXkMccE=","0ClO2ty2jRkHLpZz1rEXkfUFbOytV02pJdiUOz9KnNk=","30rQhgGaULZ6qi+TT8Eh/EtwCFtosfaJElsu28xZlDk=","h6KBensYMISttyhp32Smk6IOE33TrpnIqAJs8YU00lM=","xszVjQjO3p2Hv0Vty1CuiaycU15Or0alhQgXhi2eM7Y=","whptv9MlghyeXjAhBUd9x+gDzwsf3uD/lbWCSdIfYAM=","AGS1AAK6SP/TG2eYpoOcaJatl19bk/wttcn1lZonR1E=","vXIcbQ7bfc0dLaUw8BwvOLO62n3fh2dEOnj4hiOlefU=","BRFuZ3DQiulLonj02Ha03lRbnAXP7CbCSZ4k+NnYQKo=","2g56LQul9eHW/T8c1Nf7YvX17MBNWKD3f8iz/T2chyQ=","ZTtVY1r2llgiYy+U/e4mRRk2HllLb6kWWxQXyvWXKY4=","qweRGAI6NLxR/Eveo2HdDaKKfLQIN563jGc+xNZ0DjM=","xDgQQiFRwXjl2Krs3jrkZjynFTzf69YRGOwtQuKlz8I=","Ux8NxEYCYvLTaj5I9pX7Q1m7SAhLeL+zkj6CLzRuSPg=","VUMWARiDdzBAE6gNtydnxqBaCqqwGL79sziG9R5rpLI=","SfASjw1su6KejjB/MbG1W/f9y7OqAT/GLKZfG5sNa00=","OfmPk8BIlLORkvd2qQ2aAt+7VdruVVhzHU5jTvPkBTM=","/ixrqnFWVKsAx6NKw+nd6MdgXFs3HeIjozPiv906DE8=","e1kJdEuJUy3jHa4wqoP7bkQ6OJ1zKtTAH1nc/w6WGUA=","9WaJg1JjApMR1rGQ2GJNS/mU42lwWH2GznMqI4qwq9E=","wn7GjUa4YFkNlQeC5t72fR/FYC4rL1FfMBcoGitPpNQ=","zg8dyrexPybdzYP656ZU73zofeA1+W6ZWTYx29rkmMQ=","Lj3qRYlLyLSgmrSnVVDtspCbwyuSvu5plyRLOQHEI8g=","oXspmOWDsaPQNiACkCMbPyI3zOqPEnCj31Je5zIk5Nw=","UcCUHOHnLMqatD7gVg4z1MvxvSrryZwi5woGSjjdbSQ=","u2wdp5y0JqN4zPWxSGrdDNjIbxthapn92KLtgoyryE8=","ymHktSMXHsEwQsOX8cNXnSGtkupyS7+uBBOy90rD4rc=","TrZR9GX2i3Pe7u9hNFmaYVCibsEI3zbNAkK9ACpNtfc=","J3PDRCNv0kB/gi+35owM1WPj+xJd5QcRG3JGFbqHiB0=","OneKIIDgTHd3DyxhuIQMuTvy76zi7JBwYn0P9wusLKw=","rsbCah5VoRls79xlbruX10dw/zBEpI+skvPSHWyez5g=","AkFEHyGio1HmLLjF8Qu29evO2r+UI3y1C/RdPIyStlU=","dh+FFC7LfDd4PKU1Y1Q2k9g32gMWC6TRRAwVr5Zfqpw=","7vRdQDqHZ6dqQFuZ8lUJcKcPoXleA0N/ZAQuM+QWy7U=","ZAuswSmhJEfhHFPtMgEHkiZX3qom5D6fNLSEjOtCWf0=","Zkiw3nDoQXxxGa4IP3NKwCMokPhq3zZ5AzMuEOSCUD8=","fvejhP8hdBvmSOHngRXvnAGENBQVQV6TE5uwQb7aHwc=","dzNnCbCjTqktiPuPxR6TWCAGwjCu/P+/1HxQEdtSn2o=","KiH9dUYwzy+mdNd3yhAIoXxd0ZYljhqT+zTxomgU33o=","JH1T+DVWkEPBtTqKRqjXnyPw4/l32v2c3oWS2wlMy+Y=","gyzvj5gVuv5NAtryo+XPFAmp5TRp0YvxQ5YcdNNfqOU=","8JD/PbBXaVIeI2TjhxHkZc2xj2EKyJpIQTkVtbRd6IQ=","Ygr/cthJIRs7lv6LuW/9AHh9YAHnKcog2zKOOhZEBzY=","KrNLh6UmouAb4e/f1VgyMfaJFQGGIc47DWUiVmBxAMc=","5zxe/gsC0ihbMsKs4fhw7QkzNkLQxj1hItvvBoXgYdE=","UtvV1FuIHa/JTM57LERw/gI0V/cj6gOg+ndyZ6xvsUk=","y1ZAJ1w4lEguuHcZ2+g8rRK9K9TEPQGKyOYYtIvuG8U=","5lIh+PF+oi6RN9kT6/LGPYduDQqd5jBxem7mK9k48BE=","VZVOkOQjv4/7fg8O/St6fxQYCKb20PmgZZj+Gvm8Ph8=","jooPW2NSd4l6tF8mjxAflfJtv3fWvR2asNeSuaWFgp4=","mqGQ5N3ylJOerClK50tCGP3oQub4nxgKHPbeOn0X5gM=","wjMrhr6HKJOoItk/LvFdGDlLmb9E/n9cWws729NKezQ=","SZ1pe68SO5UIPaiFrzcG/U5z7XJ0ebZHdU0+EzpCkD0=","nHwFLP18+O0+6ckGN9ltdhCU+eoOQqtGg9nIdFdzHew=","Wlf+WZ14MLtEEqEOsHz2eHC8KX3rJNFqV9lcu0e7gYI=","TGIF6nGIQVzsSMnju0j8DTrcze0FIBk8qLWQMuhQnq4=","Rqn4t/TEikBrAIHs2u9vzSQr81OXWMDgWfe2ZBgBV5U=","/wNe+o/0+FBMWvXY100/fM1IN2oFmVYBS8YPmQ3DrMo=","yIB3C5I4hWZ8eyQdMlZqwD9fR54QFOhJ9mQW4qA2Gwo=","o5jYh7iGtBMAzeBmn2y5Oty7+N1XAmCG1OkwBR45JZQ=","+V5F0JZEUJfWvsrXUvF3Tacxi5WKTCsxxDPQ83QI8WQ=","135DN0yX00+LRYP5z4yhq9gfmaUaaoYFb3K8L/y98p4=","vls4husKSKdbcDlYEJ+YtyXN3g8obiadEAhxIVvGHqU=","oMwsYHZpSMgbyM3XUEpnWpvOKO1L7gQFn80YvdRV6xs=","RdOLDAtonAafx6uALZ9CVS0Go0CizzN465demh8tkDI=","ETSZ2u7ayUul6EFmtK8g8CP5ZhHpX+5nyH6D/do8WGw=","dpQxQWPhZNBcjiYinCimDXP8tla0b4UmviVSV8L7lqQ=","hbt6QA4C1OG1iUp17wt4rjm+SbYLSoOKzJq8Fy+xZ+c=","3Obz/Fh1C1G+jAnViT4V8YkKL0wLKD7eHLinvMcQf3I=","33gy0GZmqiYJ7ODQIJfdyPnXgY40b+OjAeCUbM/jsy0=","qcWXpwQMJXalWerWV/9l2+psS7oB2EntAJGMfF40hNo=","74EENvIQUeEXCpnb/17HtZBVZJbX5bfgEZLTakQVdoM=","TsfqvoLooxyngC38fJHYiLKKF1+VertS5LFX0fBwC2c=","2KPRAki7miYGaZlglcoaams8EEkG0Yy/D9IaRVv8KEI=","kPSw70ba68kCinW6y0KQ3nUdV1VLLY7ZwA/lOWPB160=","HCRMHbPJfXEZoAUbsW6GRkcSlXqQFaS+XHOR1Y/hz1c=","2i5d9lmN6gJ7el9bzyj3sXSl6x1SkrV/xgOOqex6yjk=","altyTJkrWDrZdDkAWK8RaabwB0AnbXMKKmmeBwtA3xU=","KXoisUkLGUlLyY/aHh90oJMOXfPur8hRgK3xC0k73P8=","PrOdb00dDVhe910PuBCyl0BR9/RoXAt7GQ32NzEVdcs=","ZE+XhrZkHOLpDYUOjbTvyCYyV7Ymr8eiDYIhQNVy8YI=","BDN6waTzxdElrdTtew09/+9zUgJxNtjE3CiaoRYP8qM=","NVt4+4mcAStYtq2IHd5+zytQVReETk1Lbr+Oj8kPrn4=","uh5dVV7ZzRGQpgo4jGLb6VFUmqeSlPMIz+VQdkTgV4U=","gmhru6Vmqtxkk5hpceOMmso9mWdjw7CggsMqkFy6Y3k=","0DecXlMdwgMxvXPXR2KfXad9lWZaAlQwxjfuPE+aVps=","bc5e6G0ccgbWBDzhOmgp6z8ltLeVIR4bnQwAbl3jhhM=","kJoYHK/uvnLdlasdz0jUFxJDQ4omCf006UMmOsBhVVI=","Xidu+k+ApW7Us7oZsUgwFYJrg9mgvOSoTLWujgdj5h0=","7RVjtrLwnTIfJU+GEwiQM4qqGcClMwnnMbirV3G7G80=","AP95YpEixFhb5bnL2WKoHnA/wpr4RzGigUv7K+895jk=","RCyvKMQSRQoLcyYkXu5ayCSxtzpCOLZubndzPst1COI=","UnHyhZAruV99qH+WsNAX6vceHzuRl1/X3xhLbPfr5X0=","hFUkLGcNKTuzJIqMmaI0lTrvy28E1ROqpDusYtg/g2U=","vs2FAEm/UGEq0weei8xBvWCs3iCVsM6bFvsxizLh1TU=","9Co0flRo/orT2qxN0/zwS/lXmd/Nd27xaHjCsSZ1nbQ=","4hoGv6+sO6dhQp/fkPMBcxG4qgriuuZxCfMJcZCBzpg=","nXN6AHlermlS6i8TVa89wsI8dQ02fMqmr8FZ7qggbl4=","1jRVelLkbr8CBaxE3kFRXtTOWXbRIJjqYnER4q/jqRk="],"block_size":4096,"path":"content.js"},{"block_hashes":["Dtbi8EnBlKyJoh0G80HhbcR/ALsPsz2P1robIedSBbQ=","uUScaQprWVbTyjHSYDNki5R/EZBtmq+1wDxR9qqIBh8="],"block_size":4096,"path":"content.js.LICENSE.txt"}],"version":2}